sunet,pseudo
bwthomas,Julian
changamy,Sakura
riyadule,Riya
huanxing,Kai
wpo,Jinwoo
yinjunw,Mei
bob9001,Ethan
jmkrause,Anika
junyiji3,Jinara
mlarreaf,Diego
collinj2,Jinhee
kjeong,Minji
micheliu,Mingxia
nickvo,Anwen
drewsung,Soojin
mohnec1,Niran
aditesh,Arjun
ealexand,Eleni
btiryaki,Leyla
aspark,Jinsoo
jtian25,Sofia
bradleyh,Jinaya
noelsd,Lucia
tinamai,Meilin
fraserr,Rafael
xingyiz,Leila
vikram29,Anaya
ruishich,Lianhua
absinha,Marcus
kdao,Thao
parnoud,Camila
tuli,Anjali
xuyang1,Yuki
linasmn,Marek
kzhu05,Kiran
mariell,Elena
